table,page,top,code,name,staff,wages,goods,util,subs,capital,reserve,total,raw
Shtojca 1,96,89,101,Kuvendii Kosovës,528.0,8098353.0,1558000.0,200000.0,70000.0,200000.0,,10126353.0,"101 Kuvendi i Kosovës 528 8,098,353 1,558,000 200,000 70,000 200,000 10,126,353 10,671,763 200,000 10,871,763 11,141,670 200,000 11,341,670"
Shtojca 1,96,95,102,Zyrae Presidentit,113.0,1621527.0,2746421.0,6700.0,419305.0,1015000.0,,5808953.0,"102 Zyra e Presidentit 113 1,621,527 2,746,421 6,700 419,305 1,015,000 - 5,808,953 4,383,137 3,015,000 7,398,137 4,477,226 3,015,000 7,492,226"
Shtojca 1,96,101,104,Zyrae Kryeministrit,609.0,5551518.0,7047500.0,88226.0,7505687.0,1000000.0,,21192931.0,"104 Zyra e Kryeministrit 609 5,551,518 7,047,500 88,226 7,505,687 1,000,000 - 21,192,931 17,521,912 1,500,000 19,021,912 17,994,038 1,500,000 19,494,038"
Shtojca 1,96,108,201,"Ministriae Financave, Punës dhe Transfereve",2693.0,50251955.0,15910661.0,897576.0,1102860661.0,24850000.0,,1194770853.0,"201 Ministria e Financave, Punës dhe Transfereve 2,693 50,251,955 15,910,661 897,576 1,102,860,661 24,850,000 - 1,194,770,853 1,193,595,151 39,350,000 1,232,945,151 1,307,789,274 63,224,089 1,371,013,363"
Shtojca 1,96,117,203,"Ministriae Bujqësisë, Pylltarisë dhe Zhvillimit Rural",937.0,8245496.0,6000000.0,264783.0,77630000.0,3544000.0,,95684279.0,"203 Ministria e Bujqësisë, Pylltarisë dhe Zhvillimit Rural 937 8,245,496 6,000,000 264,783 77,630,000 3,544,000 - 95,684,279 93,143,781 5,544,000 98,687,781 93,622,226 5,544,000 99,166,226"
Shtojca 1,96,128,204,"Ministriae Industrisë, Ndërmarrësisë dhe Tregtisë",331.0,3014452.0,5500000.0,158280.0,8246000.0,10320000.0,,27238732.0,"204 Ministria e Industrisë, Ndërmarrësisë dhe Tregtisë 331 3,014,452 5,500,000 158,280 8,246,000 10,320,000 - 27,238,732 21,084,526 14,320,000 35,404,526 21,259,440 14,320,000 35,579,440"
Shtojca 1,96,138,205,"Ministriae Mjedisit, Planifikimit Hapësinor dhe Infrastrukturës",636.0,6132762.0,37605515.0,481490.0,1643814.0,264977687.0,,310841268.0,"205 Ministria e Mjedisit, Planifikimit Hapësinor dhe Infrast r u k t u r ë s 636 6,132,762 37,605,515 481,490 1,643,814 264,977,687 - 310,841,268 52,087,781 271,038,265 323,126,046 48,943,634 261,538,625 310,482,259"
Shtojca 1,96,144,206,Ministriae Shëndetësisë,1482.0,18873544.0,44097600.0,281848.0,2813805.0,36341050.0,,102407847.0,"206 Ministria e Shëndetësisë 1,482 18,873,544 44,097,600 281,848 2,813,805 36,341,050 - 102,407,847 56,379,842 42,010,750 98,390,592 63,137,879 50,756,661 113,894,540"
Shtojca 1,96,151,220,Sherbimi Spitalor dhe Klinik Universitari Kosoves,7538.0,101490732.0,69600000.0,4139016.0,,22449500.0,,197679248.0,"220 Sherbimi Spitalor dhe Klinik Universitar i Kosoves 7,538 101,490,732 69,600,000 4,139,016 22,449,500 - 197,679,248 180,911,738 22,449,500 203,361,238 187,100,738 23,000,000 210,100,738"
Shtojca 1,96,163,207,"Ministriae Kulturës, Rinisë dhe Sporteve",831.0,8550336.0,5550000.0,383908.0,17116550.0,66440000.0,,98040794.0,"207 Ministria e Kulturës, Rinisë dhe Sporteve 831 8,550,336 5,550,000 383,908 17,116,550 66,440,000 - 98,040,794 32,071,063 96,440,000 128,511,063 32,567,196 96,440,000 129,007,196"
Shtojca 1,96,176,208,"Ministriae Arsimit, Shkencës, Teknologjisë dhe",2282.0,25954911.0,14350000.0,1590459.0,25305360.0,42862054.0,,110062784.0,"208 2,282 25,954,911 14,350,000 1,590,459 25,305,360 42,862,054 - 110,062,784 69,678,250 49,862,054 119,540,304 71,047,371 49,862,054 120,909,425"
Shtojca 1,96,185,211,Inovacionit Ministria për Komunitete dhe Kthim,121.0,1102753.0,375000.0,17000.0,2100000.0,2000000.0,,5594753.0,"211 Ministria për Komunitete dhe Kthim 121 1,102,753 375,000 17,000 2,100,000 2,000,000 - 5,594,753 3,655,405 2,000,000 5,655,405 3,719,392 2,000,000 5,719,392"
Shtojca 1,96,193,212,Ministriae Administrimittë Pushtetit Lokal,129.0,1247573.0,335000.0,7000.0,1000000.0,4050000.0,,6639573.0,"212 Ministria e Administrimit të Pushtetit Lokal 129 1,247,573 335,000 7,000 1,000,000 4,050,000 - 6,639,573 2,758,189 4,050,000 6,808,189 2,830,580 4,050,000 6,880,580"
Shtojca 1,96,201,213,Ministriae Ekonomisë,204.0,1849894.0,5800000.0,23130.0,24352870.0,46931926.0,,78957820.0,"213 Ministria e Ekonomisë 204 1,849,894 5,800,000 23,130 24,352,870 46,931,926 78,957,820 31,974,545 48,052,196 80,026,741 28,939,015 21,600,000 50,539,015"
Shtojca 1,96,209,214,Ministriae Punëvetë Brendshme,11901.0,136800926.0,44270623.0,4450400.0,2171367.0,60189023.0,,247882339.0,"214 Ministria e Punëve të Brendshme 11,901 136,800,926 44,270,623 4,450,400 2,171,367 60,189,023 - 247,882,339 193,005,617 62,218,773 255,224,390 200,543,490 62,218,773 262,762,263"
Shtojca 1,96,218,215,Ministriae Drejtësisë,2169.0,21660702.0,12500000.0,1088769.0,11898000.0,9800000.0,,56947471.0,"215 Ministria e Drejtësisë 2,169 21,660,702 12,500,000 1,088,769 11,898,000 9,800,000 - 56,947,471 46,067,810 7,000,000 53,067,810 47,324,672 7,000,000 54,324,672"
Shtojca 1,96,227,216,Ministriae Punëvetë Jashtme dhee Diaspores,389.0,8842498.0,23935000.0,839551.0,2000000.0,16395000.0,,52012049.0,"216 Ministria e Punëve të Jashtme dhe e Diaspores 389 8,842,498 23,935,000 839,551 2,000,000 16,395,000 - 52,012,049 36,074,386 16,395,000 52,469,386 36,588,472 16,395,000 52,983,472"
Shtojca 1,96,234,217,Ministriae Mbrojtjes,5479.0,53381701.0,45905600.0,1169000.0,,115641260.0,,216097561.0,"217 Ministria e Mbrojtjes 5,479 53,381,701 45,905,600 1,169,000 115,641,260 - 216,097,561 109,862,295 112,441,260 222,303,555 112,959,768 112,441,260 225,401,028"
Shtojca 1,96,241,221,Ministriae Zhvillimit Rajonal,60.0,733939.0,335000.0,1360.0,2000000.0,2000000.0,,5070299.0,"221 Ministria e Zhvillimit Rajonal 6 0 733,939 335,000 1,360 2,000,000 2,000,000 - 5,070,299 3,120,666 2,000,000 5,120,666 3,159,381 2,000,000 5,159,381"
Shtojca 1,96,248,230,Komisioni Rregullativi Prokurimit Publik,42.0,512805.0,310000.0,5000.0,,100000.0,,927805.0,"230 Komisioni Rregullativ i Prokurimit Publik 4 2 512,805 310,000 5,000 100,000 - 927,805 856,009 100,000 956,009 885,765 100,000 985,765"
Shtojca 1,96,257,231,Akademiae Shkencave dhe Artevetë Kosovës,20.0,288878.0,930000.0,5000.0,790159.0,,,2014037.0,"231 Akademia e Shkencave dhe Arteve të Kosovës 2 0 288,878 930,000 5,000 790,159 - 2,014,037 2,029,925 - 2,029,925 2,046,688 - 2,046,688"
Shtojca 1,96,270,235,Autoritetii Rregullatori Komunikimeve Elektronike,42.0,572220.0,785000.0,18200.0,,600000.0,,1975420.0,"235 4 2 572,220 785,000 18,200 600,000 - 1,975,420 1,406,892 600,000 2,006,892 1,440,096 600,000 2,040,096"
Shtojca 1,96,283,236,dhePostare Agjencionipër parandalim dhe luftimte,58.0,831165.0,140000.0,8500.0,,,,979665.0,"236 5 8 831,165 140,000 8,500 - - 979,665 1,030,379 - 1,030,379 1,078,607 - 1,078,607"
Shtojca 1,96,292,238,korrupcionit Zyra Rregullatorit për Energji,41.0,588672.0,270000.0,22000.0,,80800.0,,961472.0,"238 Zyra Rregullatorit për Energji 4 1 588,672 270,000 22,000 80,800 - 961,472 913,049 80,800 993,849 947,207 80,800 1,028,007"
Shtojca 1,96,298,240,Organi Shqyrtuesi Prokurimit,35.0,391824.0,160000.0,5100.0,,,,556924.0,"240 Organi Shqyrtues i Prokurimit 3 5 391,824 160,000 5,100 556,924 578,475 - 578,475 601,210 - 601,210"
Shtojca 1,96,305,242,Univerzitetii Prishtinës,2081.0,23562238.0,4200000.0,1020000.0,1744000.0,5400000.0,,35926238.0,"242 Univerziteti i Prishtinës 2,081 23,562,238 4,200,000 1,020,000 1,744,000 5,400,000 - 35,926,238 32,322,161 5,400,000 37,722,161 33,939,360 5,400,000 39,339,360"
Shtojca 1,96,311,243,Gjykata Kushtetuesee Kosoves,72.0,1446766.0,705000.0,10800.0,165080.0,110000.0,,2437646.0,"243 Gjykata Kushtetuese e Kosoves 7 2 1,446,766 705,000 10,800 165,080 110,000 - 2,437,646 2,407,218 110,000 2,517,218 2,491,166 110,000 2,601,166"
Shtojca 1,96,317,244,Autoriteti Kosovari Konkurencës,30.0,393188.0,77000.0,2000.0,,,,472188.0,"244 Autoriteti Kosovar i Konkurencës 3 0 393,188 77,000 2,000 - 472,188 496,813 - 496,813 521,628 - 521,628"
Shtojca 1,96,324,245,Agjencioni Kosovari Intelegjencës,190.0,8215730.0,4000000.0,45000.0,700000.0,4270000.0,,17230730.0,"245 Agjencioni Kosovar i Intelegjencës 190 8,215,730 4,000,000 45,000 700,000 4,270,000 - 17,230,730 13,412,595 4,270,000 17,682,595 14,039,313 4,500,000 18,539,313"
Shtojca 1,96,331,246,Këshillii Kosovës për Trashigimi Kulturore,18.0,275445.0,107000.0,2550.0,,,,384995.0,"246 Këshilli i Kosovës për Trashigimi Kulturore 1 8 275,445 107,000 2,550 - 384,995 400,144 - 400,144 416,127 - 416,127"
Shtojca 1,96,338,247,Paneli Zgjedhor per Ankesa dhe Parashtesa,21.0,311805.0,58000.0,7820.0,,,,377625.0,"247 Paneli Zgjedhor per Ankesa dhe Parashtesa 2 1 311,805 58,000 7,820 - 377,625 396,775 - 396,775 414,867 - 414,867"
Shtojca 1,96,344,249,Këshillii Pavarur Mbikqyrës për Sherbimin Civiltë,38.0,502628.0,160000.0,3825.0,,,,666453.0,"249 K ë s h il l i i Pavarur Mbikqyrës për Sherbimin Civil të 3 8 502,628 160,000 3,825 - 666,453 694,098 - 694,098 743,263 - 743,263"
Shtojca 1,96,355,250,Kosovës Keshilli Prokurororiali Kosoves,969.0,13837463.0,3450000.0,199630.0,,2134500.0,,19621593.0,"250 Keshilli Prokurororial i Kosoves 969 13,837,463 3,450,000 199,630 2,134,500 - 19,621,593 18,248,153 2,134,500 20,382,653 19,051,072 2,134,500 21,185,572"
Shtojca 1,96,361,302,Zyra Kombetaree Auditimit,185.0,2666915.0,826100.0,40000.0,,,,3533015.0,"302 Zyra Kombetare e Auditimit 185 2,666,915 826,100 40,000 - - 3,533,015 3,679,695 - 3,679,695 3,834,443 - 3,834,443"
Shtojca 1,96,368,313,Autoriteti Rregullativi Sherbimevetë Ujit,21.0,260678.0,143000.0,6503.0,,,,410181.0,"313 Autoriteti Rregullativ i Sherbimeve të Ujit 2 1 260,678 143,000 6,503 - - 410,181 424,518 - 424,518 439,644 - 439,644"
Shtojca 1,96,375,314,Autoriteti Regullativi Hekurudhave,29.0,303789.0,127000.0,6400.0,,10000.0,,447189.0,"314 Autoriteti Regullativ i Hekurudhave 2 9 303,789 127,000 6,400 10,000 - 447,189 453,898 - 453,898 471,525 - 471,525"
Shtojca 1,96,381,317,Autoritetii Aviacionit Civil,31.0,717138.0,150000.0,3738.0,,,,870876.0,"317 Autoriteti i Aviacionit Civil 3 1 717,138 150,000 3,738 - 870,876 910,319 - 910,319 948,148 - 948,148"
Shtojca 1,96,390,318,Komsionii Pavaruri Minierave dhe Mineraleve,77.0,964054.0,409281.0,20600.0,,200000.0,,1593935.0,"318 Komsioni i Pavarur i Minierave dhe Mineraleve 7 7 964,054 409,281 20,600 200,000 - 1,593,935 1,446,958 200,000 1,646,958 1,502,897 200,000 1,702,897"
Shtojca 1,96,399,319,Komisionii Pavaruri Mediave,44.0,556650.0,409883.0,28000.0,,400000.0,,1394533.0,"319 Komisioni i Pavarur i Mediave 4 4 556,650 409,883 28,000 400,000 - 1,394,533 1,025,149 - 1,025,149 1,057,449 - 1,057,449"
Shtojca 1,96,405,320,Komisioni Qendrori Zgjedhjeve,93.0,1267441.0,700000.0,28100.0,4800000.0,,,6795541.0,"320 Komisioni Qendror i Zgjedhjeve 9 3 1,267,441 700,000 28,100 4,800,000 - - 6,795,541 6,865,250 - 6,865,250 6,958,793 - 6,958,793"
Shtojca 1,96,413,321,Institucionii Avokatittë Popullit,78.0,1066535.0,355000.0,8000.0,,60000.0,,1489535.0,"321 Institucioni i Avokatit të Popullit 7 8 1,066,535 355,000 8,000 60,000 - 1,489,535 1,489,194 60,000 1,549,194 1,551,080 60,000 1,611,080"
Shtojca 1,96,420,322,Akademiae Drejtesisë,32.0,336504.0,535000.0,16500.0,,,,888004.0,"322 Akademia e Drejtesisë 3 2 336,504 535,000 16,500 - - 888,004 906,511 - 906,511 926,037 - 926,037"
Shtojca 1,96,427,328,Këshilli Gjygjësori Kosovës,2321.0,28251055.0,5193000.0,650000.0,500000.0,3920000.0,,38514055.0,"328 Këshilli Gjygjësor i Kosovës 2,321 28,251,055 5,193,000 650,000 500,000 3,920,000 - 38,514,055 36,147,863 3,920,000 40,067,863 37,787,131 3,920,000 41,707,131"
Shtojca 1,96,437,329,Agjencia Kosovare për krahasim dhe Verifikimtë,200.0,1845875.0,851090.0,48523.0,,431500.0,,3176988.0,"329 200 1,845,875 851,090 48,523 431,500 - 3,176,988 2,847,011 431,500 3,278,511 2,954,118 431,500 3,385,618"
Shtojca 1,96,447,251,Pronës Agjensioni per Informim dhe Privatesi,34.0,388748.0,144000.0,2450.0,,,,535198.0,"251 Agjensioni per Informim dhe Privatesi 3 4 388,748 144,000 2,450 535,198 556,580 - 556,580 579,137 - 579,137"
Shtojca 1,96,453,232,Shpenzimete Paparashikuara,,,,,,1930000.0,10000000.0,11930000.0,"232 Shpenzimet e Paparashikuara 1,930,000 10,000,000 11,930,000 4,800,000 1,930,000 6,730,000 4,800,000 1,930,000 6,730,000"
Shtojca 1,96,459,248,Radio Televizionii Kosovës,,,,,8960000.0,,,8960000.0,"248 Radio Televizioni i Kosovës 8,960,000 - 8,960,000 8,960,000 - 8,960,000 8,960,000 - 8,960,000"
Shtojca 1,96,466,224,Fondii Sigurimeve Shëndetësore,52.0,509992.0,300000.0,25000.0,10000000.0,,,10834992.0,"224 Fondi i Sigurimeve Shëndetësore 5 2 509,992 300,000 25,000 10,000,000 - 10,834,992 10,963,042 - 10,963,042 11,042,634 - 11,042,634"
Shtojca 1,96,475,255,Ag jencia për Mbrojtjene Informacionittë Klasifik,25.0,416362.0,280000.0,10000.0,,200000.0,,906362.0,"255 2 5 416,362 280,000 10,000 200,000 906,362 736,262 150,000 886,262 760,422 150,000 910,422"
Shtojca 1,96,484,239,uar Agjencioni Kosovari Privatizimit,234.0,3665947.0,1025000.0,110000.0,2000.0,30000.0,,4832947.0,"239 Agjencioni Kosovar i Privatizimit 234 3,665,947 1,025,000 110,000 2,000 30,000 - 4,832,947 5,004,574 20,000 5,024,574 5,217,291 20,000 5,237,291"
Shtojca 1,96,498,TOTAL,Totali i përgjithshëm,45545.0,558354083.0,370222274.0,18447735.0,1316794658.0,750883300.0,10000000.0,3024702050.0,"Totali i përgjithshëm 45,545 558,354,083 370,222,274 18,447,735 1,316,794,658 750,883,300 10,000,000 3,024,702,050 2,320,457,368 819,293,598 3,139,750,966 2,463,552,580 816,742,262 3,280,294,842"
