page,top,section,muni,fund,aggregate,idx,staff,wages,goods,util,subs,capital,reserve,total,y2027,y2028,raw
211,82,A,Gllogovc,Total,False,,1394.0,13123475.0,2586570.0,405850.0,743500.0,6875138.0,,23734533.0,24949698.0,26143011.0,"Total 1,394 13,123,475 2,586,570 405,850 743,500 6,875,138 - 23,734,533 24,949,698 26,143,011"
211,90,A,Gllogovc,Grant,False,,1394.0,13123475.0,2386570.0,405850.0,,5549439.0,,21465334.0,22519548.0,23703550.0,"Grant 1,394 13,123,475 2,386,570 405,850 5,549,439 21,465,334 22,519,548 23,703,550"
211,99,A,Gllogovc,THV,False,,,,200000.0,,743500.0,1325699.0,,2269199.0,2430150.0,2439461.0,"THV 200,000 743,500 1,325,699 2,269,199 2,430,150 2,439,461"
211,106,A,Gllogovc,Huamarrja,False,1,,,,,,,,,,,1 Financimi nga Huamarrja -
211,113,A,Fushë Kosovë,Total,False,,1124.0,10600535.0,3057122.0,428400.0,1708751.0,10708777.0,300000.0,26803585.0,28359191.0,30015824.0,"Total 1,124 10,600,535 3,057,122 428,400 1,708,751 10,708,777 300,000 26,803,585 28,359,191 30,015,824"
211,121,A,Fushë Kosovë,Grant,False,,1124.0,10600535.0,3057122.0,428400.0,,7993777.0,300000.0,22379834.0,23645425.0,25288155.0,"Fushë Grant 1,124 10,600,535 3,057,122 428,400 7,993,777 300,000 22,379,834 23,645,425 25,288,155"
211,128,A,Fushë Kosovë,THV,False,,,,,,,,,,,,Kosovë THV
211,138,A,Fushë Kosovë,Huamarrja,False,2,,,,,,,,,,,2 Financimi nga Huamarrja -
211,145,A,Lipjan,Total,False,,1547.0,14592317.0,4119119.0,527000.0,1290000.0,7236024.0,,27764460.0,29268584.0,30684565.0,"Total 1,547 14,592,317 4,119,119 527,000 1,290,000 7,236,024 - 27,764,460 29,268,584 30,684,565"
211,153,A,Lipjan,Grant,False,,1547.0,14552317.0,3775884.0,438500.0,,5629619.0,,24396320.0,25649782.0,27050102.0,"Grant 1,547 14,552,317 3,775,884 438,500 5,629,619 24,396,320 25,649,782 27,050,102"
211,162,A,Lipjan,THV,False,,,40000.0,343235.0,88500.0,1290000.0,1606405.0,,3368140.0,3618802.0,3634463.0,"THV 40,000 343,235 88,500 1,290,000 1,606,405 3,368,140 3,618,802 3,634,463"
211,169,A,Lipjan,Huamarrja,False,3,,,,,,,,,,,3 Financimi nga Huamarrja -
211,176,A,Obiliq,Total,False,,687.0,6533243.0,2000000.0,320000.0,1100000.0,6328588.0,,16281831.0,17171256.0,17709418.0,"Total 687 6,533,243 2,000,000 320,000 1,100,000 6,328,588 - 16,281,831 17,171,256 17,709,418"
211,185,A,Obiliq,Grant,False,,687.0,6469243.0,1850000.0,270000.0,700000.0,5594274.0,,14883517.0,15664499.0,16195196.0,"Grant 687 6,469,243 1,850,000 270,000 700,000 5,594,274 14,883,517 15,664,499 16,195,196"
211,193,A,Obiliq,THV,False,,,64000.0,150000.0,50000.0,400000.0,734314.0,,1398314.0,1506758.0,1514221.0,"THV 64,000 150,000 50,000 400,000 734,314 1,398,314 1,506,758 1,514,221"
211,200,A,Obiliq,Huamarrja,False,4,,,,,,,,,,,4 Financimi nga Huamarrja -
211,208,A,Podujevë,Total,False,,2059.0,19925293.0,3592049.0,694612.0,1810000.0,8757000.0,,34778954.0,36640812.0,38453975.0,"Total 2,059 19,925,293 3,592,049 694,612 1,810,000 8,757,000 - 34,778,954 36,640,812 38,453,975"
211,216,A,Podujevë,Grant,False,,2059.0,19764293.0,3512049.0,694612.0,698999.0,7750676.0,,32420629.0,34122165.0,35926885.0,"Grant 2,059 19,764,293 3,512,049 694,612 698,999 7,750,676 32,420,629 34,122,165 35,926,885"
211,224,A,Podujevë,THV,False,,,161000.0,80000.0,,1111001.0,1006324.0,,2358325.0,2518647.0,2527090.0,"THV 161,000 80,000 1,111,001 1,006,324 2,358,325 2,518,647 2,527,090"
211,232,A,Podujevë,Huamarrja,False,5,,,,,,,,,,,5 Financimi nga Huamarrja -
211,240,A,Prishtina,Total,False,,4885.0,48361457.0,32000000.0,3500000.0,6800000.0,57326992.0,3545000.0,151533449.0,158727536.0,165649028.0,"Total 4,885 48,361,457 32,000,000 3,500,000 6,800,000 57,326,992 3,545,000 151,533,449 158,727,536 165,649,028"
211,248,A,Prishtina,Grant,False,,4885.0,48301457.0,26415100.0,3500000.0,3500000.0,25872120.0,700000.0,108288677.0,114659002.0,121537613.0,"Grant 4,885 48,301,457 26,415,100 3,500,000 3,500,000 25,872,120 700,000 108,288,677 114,659,002 121,537,613"
211,257,A,Prishtina,THV,False,,,60000.0,5538000.0,,3300000.0,29501772.0,2845000.0,41244772.0,44068534.0,44111415.0,"THV 60,000 5,538,000 3,300,000 29,501,772 2,845,000 41,244,772 44,068,534 44,111,415"
211,265,A,Prishtina,Huamarrja,False,6,,,46900.0,,,1953100.0,,2000000.0,,,"6 Financimi nga Huamarrja 46,900 1,953,100 2,000,000"
211,273,A,Shtime,Total,False,,752.0,6801067.0,1500000.0,230000.0,500000.0,2412918.0,,11443985.0,12040989.0,12662887.0,"Total 752 6,801,067 1,500,000 230,000 500,000 2,412,918 - 11,443,985 12,040,989 12,662,887"
211,281,A,Shtime,Grant,False,,752.0,6763067.0,1365038.0,230000.0,230000.0,1996383.0,,10584488.0,11122720.0,11741509.0,"Grant 752 6,763,067 1,365,038 230,000 230,000 1,996,383 10,584,488 11,122,720 11,741,509"
211,290,A,Shtime,THV,False,,,38000.0,134962.0,,270000.0,416535.0,,859497.0,918269.0,921378.0,"THV 38,000 134,962 270,000 416,535 859,497 918,269 921,378"
211,297,A,Shtime,Huamarrja,False,7,,,,,,,,,,,7 Financimi nga Huamarrja -
211,304,A,Graçanicë,Total,False,,675.0,4970105.0,1960354.0,224000.0,440859.0,4935332.0,,12530650.0,13188035.0,13715960.0,"Total 675 4,970,105 1,960,354 224,000 440,859 4,935,332 - 12,530,650 13,188,035 13,715,960"
211,313,A,Graçanicë,Grant,False,,75.0,4970105.0,1759078.0,209000.0,345859.0,2411068.0,,9695110.0,10143965.0,10658483.0,"Grant 6 75 4,970,105 1,759,078 209,000 345,859 2,411,068 9,695,110 10,143,965 10,658,483"
211,321,A,Graçanicë,THV,False,,,,201276.0,15000.0,95000.0,2524264.0,,2835540.0,3044070.0,3057477.0,"THV 201,276 15,000 95,000 2,524,264 2,835,540 3,044,070 3,057,477"
211,328,A,Graçanicë,Huamarrja,False,8,,,,,,,,,,,8 Financimi nga Huamarrja -
211,336,A,Dragash,Total,False,,764.0,7025822.0,1513342.0,400000.0,400000.0,3715718.0,200000.0,13254882.0,14018667.0,15062082.0,"Total 764 7,025,822 1,513,342 400,000 400,000 3,715,718 200,000 13,254,882 14,018,667 15,062,082"
211,344,A,Dragash,Grant,False,,64.0,7025822.0,1513342.0,400000.0,,3525990.0,200000.0,12665154.0,13382746.0,14422840.0,"Grant 7 64 7,025,822 1,513,342 400,000 3,525,990 200,000 12,665,154 13,382,746 14,422,840"
211,352,A,Dragash,THV,False,,,,,,400000.0,189728.0,,589728.0,635922.0,639242.0,"THV 400,000 189,728 589,728 635,922 639,242"
211,360,A,Dragash,Huamarrja,False,9,,,,,,,,,,,9 Financimi nga Huamarrja -
211,369,A,Prizeren,Total,False,,3207.0,31375952.0,14500234.0,1069493.0,5521785.0,22577849.0,,75045313.0,79063818.0,82530327.0,"Total 3,207 31,375,952 14,500,234 1,069,493 5,521,785 22,577,849 - 75,045,313 79,063,818 82,530,327"
211,377,A,Prizeren,Grant,False,,3207.0,31115952.0,11879192.0,609493.0,88348.0,18586461.0,,62279446.0,65614913.0,69289275.0,"Grant 3,207 31,115,952 11,879,192 609,493 88,348 18,586,461 62,279,446 65,614,913 69,289,275"
211,385,A,Prizeren,THV,False,,,260000.0,2621042.0,460000.0,5433437.0,2591388.0,,11365867.0,12148905.0,12191052.0,"THV 260,000 2,621,042 460,000 5,433,437 2,591,388 11,365,867 12,148,905 12,191,052"
211,393,A,Prizeren,Huamarrja,False,10,,,,,,1400000.0,,1400000.0,1300000.0,1050000.0,"10 Financimi nga Huamarrja 1,400,000 1,400,000 1,300,000 1,050,000"
211,401,A,Rahovec,Total,False,,1290.0,12454555.0,2761006.0,390000.0,1000000.0,4942173.0,,21547734.0,22139295.0,23077400.0,"Total 1,290 12,454,555 2,761,006 390,000 1,000,000 4,942,173 - 21,547,734 22,139,295 23,077,400"
211,409,A,Rahovec,Grant,False,,1290.0,12454555.0,2561006.0,390000.0,,3890759.0,,19296320.0,19736227.0,20771705.0,"Grant 1,290 12,454,555 2,561,006 390,000 3,890,759 19,296,320 19,736,227 20,771,705"
211,418,A,Rahovec,THV,False,,,,200000.0,,1000000.0,1051414.0,,2251414.0,2403069.0,2305695.0,"THV 200,000 1,000,000 1,051,414 2,251,414 2,403,069 2,305,695"
211,425,A,Rahovec,Huamarrja,False,11,,,,,,,,,,,11 Financimi nga Huamarrja -
211,432,A,Suharekë,Total,False,,1391.0,13372912.0,3328080.0,484800.0,1210000.0,5394078.0,,23789870.0,24552051.0,25718000.0,"Total 1,391 13,372,912 3,328,080 484,800 1,210,000 5,394,078 - 23,789,870 24,552,051 25,718,000"
211,441,A,Suharekë,Grant,False,,1391.0,13372912.0,2672080.0,364800.0,650000.0,4081487.0,,21141279.0,21703295.0,22856118.0,"Grant 1,391 13,372,912 2,672,080 364,800 650,000 4,081,487 21,141,279 21,703,295 22,856,118"
211,449,A,Suharekë,THV,False,,,,656000.0,120000.0,560000.0,1312591.0,,2648591.0,2848756.0,2861882.0,"THV 656,000 120,000 560,000 1,312,591 2,648,591 2,848,756 2,861,882"
211,456,A,Suharekë,Huamarrja,False,12,,,,,,,,,,,12 Financimi nga Huamarrja -
211,464,A,Malishevë,Total,False,,1378.0,13077454.0,2555812.0,500000.0,600000.0,5355444.0,,22088710.0,23189679.0,24296821.0,"Total 1,378 13,077,454 2,555,812 500,000 600,000 5,355,444 - 22,088,710 23,189,679 24,296,821"
211,472,A,Malishevë,Grant,False,,1378.0,13077454.0,2266286.0,500000.0,,4301022.0,,20144762.0,21126109.0,22228779.0,"Grant 1,378 13,077,454 2,266,286 500,000 4,301,022 20,144,762 21,126,109 22,228,779"
211,480,A,Malishevë,THV,False,,,,289526.0,,600000.0,1054422.0,,1943948.0,2063570.0,2068042.0,"THV 289,526 600,000 1,054,422 1,943,948 2,063,570 2,068,042"
211,487,A,Malishevë,Huamarrja,False,13,,,,,,,,,,,13 Financimi nga Huamarrja -
211,495,A,Mamushë,Total,False,,226.0,2062271.0,382500.0,35400.0,104500.0,937465.0,,3522136.0,3719080.0,3928720.0,"Total 226 2,062,271 382,500 35,400 104,500 937,465 - 3,522,136 3,719,080 3,928,720"
211,503,A,Mamushë,Grant,False,,226.0,2062271.0,376000.0,33400.0,93000.0,857672.0,,3422343.0,3612240.0,3821476.0,"Grant 226 2,062,271 376,000 33,400 93,000 857,672 3,422,343 3,612,240 3,821,476"
211,511,A,Mamushë,THV,False,,,,6500.0,2000.0,11500.0,79793.0,,99793.0,106840.0,107244.0,"THV 6,500 2,000 11,500 79,793 99,793 106,840 107,244"
211,519,A,Mamushë,Huamarrja,False,14,,,,,,,,,,,14 Financimi nga Huamarrja -
211,526,A,Deçan,Total,False,,898.0,8445561.0,2000000.0,300000.0,350000.0,3456413.0,,14551974.0,14413972.0,15126162.0,"Total 898 8,445,561 2,000,000 300,000 350,000 3,456,413 - 14,551,974 14,413,972 15,126,162"
211,535,A,Deçan,Grant,False,,898.0,8445561.0,1641721.0,300000.0,290000.0,2906413.0,,13583695.0,13367805.0,14074137.0,"Grant 898 8,445,561 1,641,721 300,000 290,000 2,906,413 13,583,695 13,367,805 14,074,137"
211,543,A,Deçan,THV,False,,,,358279.0,,60000.0,550000.0,,968279.0,1046167.0,1052026.0,"THV 358,279 60,000 550,000 968,279 1,046,167 1,052,026"
211,550,A,Deçan,Huamarrja,False,15,,,,,,,,,,,15 Financimi nga Huamarrja -
211,557,A,Gjakovë,Total,False,,2305.0,21817301.0,4360000.0,1010000.0,1602000.0,13603943.0,,42393244.0,44725230.0,46758301.0,"Total 2,305 21,817,301 4,360,000 1,010,000 1,602,000 13,603,943 - 42,393,244 44,725,230 46,758,301"
211,566,A,Gjakovë,Grant,False,,2305.0,21805301.0,3910682.0,921632.0,747000.0,8188506.0,,35573121.0,37403761.0,39405698.0,"Grant 2,305 21,805,301 3,910,682 921,632 747,000 8,188,506 35,573,121 37,403,761 39,405,698"
211,574,A,Gjakovë,THV,False,,,12000.0,449318.0,88368.0,855000.0,5415437.0,,6820123.0,7321470.0,7352603.0,"THV 12,000 449,318 88,368 855,000 5,415,437 6,820,123 7,321,470 7,352,603"
211,581,A,Gjakovë,Huamarrja,False,16,,,,,,,,,,,16 Financimi nga Huamarrja -
211,589,A,Istog,Total,False,,993.0,9247173.0,2997489.0,337600.0,523000.0,3582484.0,,16687746.0,17589766.0,18669864.0,"Total 993 9,247,173 2,997,489 337,600 523,000 3,582,484 - 16,687,746 17,589,766 18,669,864"
211,597,A,Istog,Grant,False,,993.0,9207173.0,2881489.0,337600.0,,2661210.0,,15087472.0,15875850.0,16739450.0,"Grant 993 9,207,173 2,881,489 337,600 2,661,210 15,087,472 15,875,850 16,739,450"
211,605,A,Istog,THV,False,,,40000.0,116000.0,,523000.0,921274.0,,1600274.0,1713916.0,1930414.0,"THV 40,000 116,000 523,000 921,274 1,600,274 1,713,916 1,930,414"
211,613,A,Istog,Huamarrja,False,17,,,,,,,,,,,17 Financimi nga Huamarrja -
211,620,A,Klinë,Total,False,,989.0,9567100.0,1600000.0,370000.0,800000.0,4001798.0,,16338898.0,17130332.0,17939537.0,"Total 989 9,567,100 1,600,000 370,000 800,000 4,001,798 - 16,338,898 17,130,332 17,939,537"
211,629,A,Klinë,Grant,False,,989.0,9496600.0,1552500.0,370000.0,708014.0,2660000.0,,14787114.0,15467621.0,16270331.0,"Klinë Grant 989 9,496,600 1,552,500 370,000 708,014 2,660,000 14,787,114 15,467,621 16,270,331"
211,636,A,Klinë,THV,False,,,70500.0,47500.0,,91986.0,1341798.0,,1551784.0,1662711.0,1669206.0,"THV 70,500 47,500 91,986 1,341,798 1,551,784 1,662,711 1,669,206"
211,643,A,Klinë,Huamarrja,False,18,,,,,,,,,,,18 Financimi nga Huamarrja -
212,36,A,Pejë,Total,False,,2222.0,21321772.0,5451940.0,1107240.0,1360000.0,12712887.0,,41953839.0,44593166.0,46635811.0,"Total 2,222 21,321,772 5,451,940 1,107,240 1,360,000 12,712,887 - 41,953,839 44,593,166 46,635,811"
212,44,A,Pejë,Grant,False,,2222.0,21198772.0,4447736.0,1077240.0,49647.0,8996893.0,,35770288.0,37934426.0,39944766.0,"Grant 2,222 21,198,772 4,447,736 1,077,240 49,647 8,996,893 35,770,288 37,934,426 39,944,766"
212,53,A,Pejë,THV,False,,,123000.0,1004204.0,30000.0,1310353.0,3715994.0,,6183551.0,6658739.0,6691044.0,"THV 123,000 1,004,204 30,000 1,310,353 3,715,994 6,183,551 6,658,739 6,691,044"
212,60,A,Pejë,Huamarrja,False,19,,,,,,,,,,,19 Financimi nga Huamarrja -
212,68,A,Junik,Total,False,,199.0,1898712.0,313500.0,54900.0,70000.0,201500.0,,2538612.0,2487953.0,2601404.0,"Total 199 1,898,712 313,500 54,900 70,000 201,500 - 2,538,612 2,487,953 2,601,404"
212,76,A,Junik,Grant,False,,199.0,1898712.0,308500.0,54900.0,35000.0,46199.0,,2343311.0,2276299.0,2388487.0,"Grant 199 1,898,712 308,500 54,900 35,000 46,199 2,343,311 2,276,299 2,388,487"
212,84,A,Junik,THV,False,,,,5000.0,,35000.0,155301.0,,195301.0,211654.0,212917.0,"THV 5,000 35,000 155,301 195,301 211,654 212,917"
212,92,A,Junik,Huamarrja,False,20,,,,,,,,,,,20 Financimi nga Huamarrja -
212,99,A,Leposaviq,Total,False,,476.0,2285778.0,828836.0,150000.0,123735.0,2818325.0,,6206674.0,6438732.0,7106645.0,"Total 476 2,285,778 828,836 150,000 123,735 2,818,325 - 6,206,674 6,438,732 7,106,645"
212,107,A,Leposaviq,Grant,False,,476.0,2285778.0,821080.0,150000.0,23735.0,2818325.0,,6098918.0,6324488.0,6991102.0,"Grant 476 2,285,778 821,080 150,000 23,735 2,818,325 6,098,918 6,324,488 6,991,102"
212,116,A,Leposaviq,THV,False,,,,7756.0,,100000.0,,,107756.0,114244.0,115544.0,"THV 7,756 100,000 107,756 114,244 115,544"
212,123,A,Leposaviq,Huamarrja,False,21,,,,,,,,,,,21 Financimi nga Huamarrja -
212,130,A,Mitrovicë,Total,False,,1965.0,17974714.0,4920000.0,600000.0,1209150.0,7714892.0,,32418756.0,34159511.0,35772753.0,"Total 1,965 17,974,714 4,920,000 600,000 1,209,150 7,714,892 - 32,418,756 34,159,511 35,772,753"
212,139,A,Mitrovicë,Grant,False,,1965.0,17931714.0,3668077.0,600000.0,38845.0,6480120.0,,28718756.0,30216652.0,31817675.0,"Grant 1,965 17,931,714 3,668,077 600,000 38,845 6,480,120 28,718,756 30,216,652 31,817,675"
212,147,A,Mitrovicë,THV,False,,,43000.0,1251923.0,,1170305.0,1234772.0,,3700000.0,3942858.0,3955079.0,"THV 43,000 1,251,923 1,170,305 1,234,772 3,700,000 3,942,858 3,955,079"
212,154,A,Mitrovicë,Huamarrja,False,22,,,,,,,,,,,22 Financimi nga Huamarrja -
212,162,A,Skenderaj,Total,False,,1368.0,12472426.0,3181121.0,291900.0,1190000.0,3109949.0,,20245396.0,21210659.0,22239123.0,"Total 1,368 12,472,426 3,181,121 291,900 1,190,000 3,109,949 - 20,245,396 21,210,659 22,239,123"
212,170,A,Skenderaj,Grant,False,,1368.0,12472426.0,2883675.0,291900.0,1095000.0,1761484.0,,18504485.0,19363462.0,20388176.0,"Grant 1,368 12,472,426 2,883,675 291,900 1,095,000 1,761,484 18,504,485 19,363,462 20,388,176"
212,178,A,Skenderaj,THV,False,,,,297446.0,,95000.0,1348465.0,,1740911.0,1847197.0,1850947.0,"THV 297,446 95,000 1,348,465 1,740,911 1,847,197 1,850,947"
212,186,A,Skenderaj,Huamarrja,False,23,,,,,,,,,,,23 Financimi nga Huamarrja -
212,193,A,Vushtrri,Total,False,,1638.0,15461516.0,6053280.0,670000.0,2500000.0,5607139.0,,30291935.0,31879246.0,33375847.0,"Total 1,638 15,461,516 6,053,280 670,000 2,500,000 5,607,139 - 30,291,935 31,879,246 33,375,847"
212,202,A,Vushtrri,Grant,False,,1638.0,15368216.0,4362562.0,603125.0,2020000.0,4110385.0,,26464288.0,27790639.0,29274041.0,"Grant 1,638 15,368,216 4,362,562 603,125 2,020,000 4,110,385 26,464,288 27,790,639 29,274,041"
212,210,A,Vushtrri,THV,False,,,93300.0,1690718.0,66875.0,480000.0,1496754.0,,3827647.0,4088607.0,4101806.0,"THV 93,300 1,690,718 66,875 480,000 1,496,754 3,827,647 4,088,607 4,101,806"
212,217,A,Vushtrri,Huamarrja,False,24,,,,,,,,,,,24 Financimi nga Huamarrja -
212,225,A,Zveçan,Total,False,,301.0,1956198.0,425210.0,65609.0,115000.0,766709.0,,3328726.0,2564844.0,2701996.0,"Total 301 1,956,198 425,210 65,609 115,000 766,709 - 3,328,726 2,564,844 2,701,996"
212,233,A,Zveçan,Grant,False,,301.0,1956198.0,425210.0,65609.0,38400.0,766709.0,,3252126.0,2483619.0,2620271.0,"Grant 301 1,956,198 425,210 65,609 38,400 766,709 3,252,126 2,483,619 2,620,271"
212,241,A,Zveçan,THV,False,,,,,,76600.0,,,76600.0,81225.0,81725.0,"THV 76,600 76,600 81,225 81,725"
212,249,A,Zveçan,Huamarrja,False,25,,,,,,,,,,,25 Financimi nga Huamarrja -
212,256,A,Mitrovica Veriore,Total,False,,820.0,3343261.0,710395.0,130000.0,200000.0,2331628.0,,6715284.0,6698628.0,7267818.0,"Total 820 3,343,261 710,395 130,000 200,000 2,331,628 - 6,715,284 6,698,628 7,267,818"
212,264,A,Mitrovica Veriore,Grant,False,,820.0,3343261.0,710395.0,130000.0,64300.0,2331628.0,,6579584.0,6555928.0,7124618.0,"Mitrovica Grant 820 3,343,261 710,395 130,000 64,300 2,331,628 6,579,584 6,555,928 7,124,618"
212,271,A,Mitrovica Veriore,THV,False,,,,,,,,,,,,Veriore THV
212,280,A,Mitrovica Veriore,Huamarrja,False,26,,,,,,,,,,,26 Financimi nga Huamarrja -
212,287,A,Gjilan,Total,False,,2402.0,23196167.0,8953332.0,683700.0,2238727.0,6856999.0,,41928925.0,44340057.0,46402501.0,"Total 2,402 23,196,167 8,953,332 683,700 2,238,727 6,856,999 - 41,928,925 44,340,057 46,402,501"
212,294,A,Gjilan,Grant,False,,2402.0,23096167.0,7273973.0,574900.0,1279788.0,3882895.0,,36107723.0,38079692.0,40111802.0,"Grant 2,402 23,096,167 7,273,973 574,900 1,279,788 3,882,895 36,107,723 38,079,692 40,111,802"
212,302,A,Gjilan,THV,False,,,100000.0,1679359.0,108800.0,958939.0,2974104.0,,5821202.0,6260365.0,6290699.0,"THV 100,000 1,679,359 108,800 958,939 2,974,104 5,821,202 6,260,365 6,290,699"
212,309,A,Gjilan,Huamarrja,False,27,,,,,,,,,,,27 Financimi nga Huamarrja -
212,316,A,Kaçanik,Total,False,,823.0,7883305.0,1469980.0,225000.0,614157.0,3207311.0,,13399753.0,14070440.0,14757058.0,"Total 823 7,883,305 1,469,980 225,000 614,157 3,207,311 - 13,399,753 14,070,440 14,757,058"
212,325,A,Kaçanik,Grant,False,,823.0,7873305.0,1290158.0,164000.0,489157.0,2518000.0,,12334620.0,12928369.0,13610295.0,"Grant 823 7,873,305 1,290,158 164,000 489,157 2,518,000 12,334,620 12,928,369 13,610,295"
212,333,A,Kaçanik,THV,False,,,10000.0,179822.0,61000.0,125000.0,689311.0,,1065133.0,1142071.0,1146763.0,"THV 10,000 179,822 61,000 125,000 689,311 1,065,133 1,142,071 1,146,763"
212,340,A,Kaçanik,Huamarrja,False,28,,,,,,,,,,,28 Financimi nga Huamarrja -
212,348,A,Kamenicë,Total,False,,1105.0,10027900.0,2440411.0,262000.0,930000.0,1944792.0,,15605103.0,15197009.0,15895551.0,"Total 1,105 10,027,900 2,440,411 262,000 930,000 1,944,792 - 15,605,103 15,197,009 15,895,551"
212,356,A,Kamenicë,Grant,False,,1105.0,9997900.0,2234412.0,262000.0,544443.0,1342432.0,,14381187.0,13881752.0,14574397.0,"Grant 1,105 9,997,900 2,234,412 262,000 544,443 1,342,432 14,381,187 13,881,752 14,574,397"
212,364,A,Kamenicë,THV,False,,,30000.0,205999.0,,385557.0,602360.0,,1223916.0,1315257.0,1321154.0,"THV 30,000 205,999 385,557 602,360 1,223,916 1,315,257 1,321,154"
212,371,A,Kamenicë,Huamarrja,False,29,,,,,,,,,,,29 Financimi nga Huamarrja -
212,379,A,Novobërdë,Total,False,,377.0,3260567.0,560000.0,140000.0,360000.0,320772.0,,4641339.0,4474931.0,4654999.0,"Total 377 3,260,567 560,000 140,000 360,000 320,772 - 4,641,339 4,474,931 4,654,999"
212,387,A,Novobërdë,Grant,False,,377.0,3260567.0,470000.0,90000.0,240000.0,114815.0,,4175382.0,3979667.0,4158574.0,"Grant 377 3,260,567 470,000 90,000 240,000 114,815 4,175,382 3,979,667 4,158,574"
212,395,A,Novobërdë,THV,False,,,,90000.0,50000.0,120000.0,205957.0,,465957.0,495264.0,496424.0,"THV 90,000 50,000 120,000 205,957 465,957 495,264 496,424"
212,403,A,Novobërdë,Huamarrja,False,30,,,,,,,,,,,30 Financimi nga Huamarrja -
212,410,A,Shtërpcë,Total,False,,497.0,3752000.0,667227.0,109936.0,200000.0,2942097.0,,7671260.0,8108488.0,8555434.0,"Total 497 3,752,000 667,227 109,936 200,000 2,942,097 - 7,671,260 8,108,488 8,555,434"
212,419,A,Shtërpcë,Grant,False,,497.0,3752000.0,567227.0,109936.0,,2831572.0,,7260735.0,7662290.0,8106282.0,"Grant 497 3,752,000 567,227 109,936 2,831,572 7,260,735 7,662,290 8,106,282"
212,427,A,Shtërpcë,THV,False,,,,100000.0,,200000.0,110525.0,,410525.0,446198.0,449152.0,"THV 100,000 200,000 110,525 410,525 446,198 449,152"
212,434,A,Shtërpcë,Huamarrja,False,31,,,,,,,,,,,31 Financimi nga Huamarrja -
212,442,A,Ferizaj,Total,False,,2483.0,23623853.0,11519945.0,1010982.0,2500000.0,14413714.0,,53068494.0,56017145.0,58658970.0,"Total 2,483 23,623,853 11,519,945 1,010,982 2,500,000 14,413,714 - 53,068,494 56,017,145 58,658,970"
212,450,A,Ferizaj,Grant,False,,2483.0,23623853.0,9174945.0,1010982.0,65600.0,11532845.0,,45408225.0,47809853.0,50419630.0,"Grant 2,483 23,623,853 9,174,945 1,010,982 65,600 11,532,845 45,408,225 47,809,853 50,419,630"
212,458,A,Ferizaj,THV,False,,,,2345000.0,,2434400.0,2880869.0,,7660269.0,8207292.0,8239340.0,"THV 2,345,000 2,434,400 2,880,869 7,660,269 8,207,292 8,239,340"
212,466,A,Ferizaj,Huamarrja,False,32,,,,,,,,,,,32 Financimi nga Huamarrja -
212,473,A,Viti,Total,False,,1181.0,10870225.0,3078919.0,290000.0,720000.0,3365071.0,,18324215.0,18822498.0,19732692.0,"Total 1,181 10,870,225 3,078,919 290,000 720,000 3,365,071 - 18,324,215 18,822,498 19,732,692"
212,481,A,Viti,Grant,False,,1181.0,10870225.0,2749828.0,290000.0,500000.0,2619502.0,,17029555.0,17451697.0,18355730.0,"Grant 1,181 10,870,225 2,749,828 290,000 500,000 2,619,502 17,029,555 17,451,697 18,355,730"
212,490,A,Viti,THV,False,,,,329091.0,,220000.0,745569.0,,1294660.0,1370801.0,1376962.0,"THV 329,091 220,000 745,569 1,294,660 1,370,801 1,376,962"
212,497,A,Viti,Huamarrja,False,33,,,,,,,,,,,33 Financimi nga Huamarrja -
212,505,A,Partesh,Total,False,,200.0,1669093.0,332025.0,79706.0,40000.0,645836.0,,2766660.0,2906825.0,3044251.0,"Total 200 1,669,093 332,025 79,706 40,000 645,836 - 2,766,660 2,906,825 3,044,251"
212,513,A,Partesh,Grant,False,,200.0,1669093.0,262025.0,59706.0,20000.0,504099.0,,2514923.0,2640111.0,2777103.0,"Grant 200 1,669,093 262,025 59,706 20,000 504,099 2,514,923 2,640,111 2,777,103"
212,521,A,Partesh,THV,False,,,,70000.0,20000.0,20000.0,141737.0,,251737.0,266715.0,267148.0,"THV 70,000 20,000 20,000 141,737 251,737 266,715 267,148"
212,529,A,Partesh,Huamarrja,False,34,,,,,,,,,,,34 Financimi nga Huamarrja -
213,36,A,Hani i Elezit,Total,False,,280.0,2505202.0,571000.0,111000.0,185000.0,862480.0,,4234682.0,4457136.0,4672491.0,"Total 280 2,505,202 571,000 111,000 185,000 862,480 - 4,234,682 4,457,136 4,672,491"
213,44,A,Hani i Elezit,Grant,False,,280.0,2505202.0,555800.0,111000.0,,705960.0,,3877962.0,4073241.0,4286770.0,"Grant 280 2,505,202 555,800 111,000 705,960 3,877,962 4,073,241 4,286,770"
213,53,A,Hani i Elezit,THV,False,,,,15200.0,,185000.0,156520.0,,356720.0,383895.0,385721.0,"THV 15,200 185,000 156,520 356,720 383,895 385,721"
213,60,A,Hani i Elezit,Huamarrja,False,35,,,,,,,,,,,35 Financimi nga Huamarrja -
213,68,A,Kllokot,Total,False,,166.0,1296875.0,261551.0,60000.0,12000.0,319216.0,,1949642.0,2047969.0,2139365.0,"Total 166 1,296,875 261,551 60,000 12,000 319,216 - 1,949,642 2,047,969 2,139,365"
213,76,A,Kllokot,Grant,False,,166.0,1296875.0,204739.0,20705.0,,219216.0,,1741535.0,1824209.0,1914524.0,"Grant 166 1,296,875 204,739 20,705 219,216 1,741,535 1,824,209 1,914,524"
213,84,A,Kllokot,THV,False,,,,56812.0,39295.0,12000.0,100000.0,,208107.0,223761.0,224841.0,"THV 56,812 39,295 12,000 100,000 208,107 223,761 224,841"
213,92,A,Kllokot,Huamarrja,False,36,,,,,,,,,,,36 Financimi nga Huamarrja -
213,99,A,Ranillugë,Total,False,,211.0,1925274.0,300000.0,55000.0,100000.0,327892.0,,2708166.0,2716931.0,2844692.0,"Total 211 1,925,274 300,000 55,000 100,000 327,892 - 2,708,166 2,716,931 2,844,692"
213,107,A,Ranillugë,Grant,False,,211.0,1925274.0,300000.0,49800.0,,320743.0,,2595817.0,2596833.0,2724177.0,"Grant 211 1,925,274 300,000 49,800 320,743 2,595,817 2,596,833 2,724,177"
213,116,A,Ranillugë,THV,False,,,,,5200.0,100000.0,7149.0,,112349.0,120098.0,120515.0,"THV 5,200 100,000 7,149 112,349 120,098 120,515"
213,123,A,Ranillugë,Huamarrja,False,37,,,,,,,,,,,37 Financimi nga Huamarrja -
213,131,A,(aggregate),Total,True,,45278.0,420078431.0,138852349.0,17324128.0,41172164.0,242617343.0,4045000.0,864089415.0,904080160.0,947201282.0,"Total 37 komuna 45,278 420,078,431 138,852,349 17,324,128 41,172,164 242,617,343 4,045,000 864,089,415 904,080,160 947,201,282"
213,138,A,(aggregate),Grant,True,,45278.0,418933631.0,118085481.0,16119090.0,14555135.0,168360698.0,1200000.0,737254035.0,770690899.0,813569721.0,"Grant 45,278 418,933,631 118,085,481 16,119,090 14,555,135 168,360,698 1,200,000 737,254,035 770,690,899 813,569,721"
213,147,A,(aggregate),THV,True,,,1144800.0,20719968.0,1205038.0,26617029.0,70903545.0,2845000.0,123435380.0,132089262.0,132581561.0,"THV - 1,144,800 20,719,968 1,205,038 26,617,029 70,903,545 2,845,000 123,435,380 132,089,262 132,581,561"
213,156,A,(aggregate),Huamarrja,True,,,,46900.0,,,3353100.0,,3400000.0,1300000.0,1050000.0,"Financimi nga Huamarrja - - 46,900 - - 3,353,100 - 3,400,000 1,300,000 1,050,000"
213,203,B,Zubin Potok,Total,False,,365.0,1841572.0,500000.0,75000.0,149612.0,811520.0,,3377704.0,3547972.0,3722113.0,"Total 365 1,841,572 500,000 75,000 149,612 811,520 - 3,377,704 3,547,972 3,722,113"
213,210,B,Zubin Potok,Grant,False,,65.0,1841572.0,500000.0,75000.0,149612.0,743448.0,,3309632.0,3470930.0,3641219.0,"Grant 3 65 1,841,572 500,000 75,000 149,612 743,448 3,309,632 3,470,930 3,641,219"
213,217,B,Zubin Potok,THV,False,,,,,,,68072.0,,68072.0,77042.0,80894.0,"THV 68,072 68,072 77,042 80,894"
213,225,B,Zubin Potok,Huamarrja,False,1,,,,,,,,,,,1 Financimi nga Huamarrja -
213,233,B,(aggregate),Total,True,,365.0,1841572.0,500000.0,75000.0,149612.0,811520.0,,3377704.0,3547972.0,3722113.0,"Total 1 komuna 365 1,841,572 500,000 75,000 149,612 811,520 - 3,377,704 3,547,972 3,722,113"
213,240,B,(aggregate),Grant,True,,65.0,1841572.0,500000.0,75000.0,149612.0,743448.0,,3309632.0,3470930.0,3641219.0,"Grant 3 65 1,841,572 500,000 75,000 149,612 743,448 - 3,309,632 3,470,930 3,641,219"
213,248,B,(aggregate),THV,True,,,,,,,68072.0,,68072.0,77042.0,80894.0,"THV - - - - - 68,072 - 68,072 77,042 80,894"
213,256,B,(aggregate),Huamarrja,True,,,,,,,,,,,,Financimi nga Huamarrja - - - - - - - - - -
213,291,A+B,(aggregate),Total,True,,45643.0,421920003.0,139352349.0,17399128.0,41321776.0,243428863.0,4045000.0,867467119.0,907628132.0,950923395.0,"Total 38 komuna 45,643 421,920,003 139,352,349 17,399,128 41,321,776 243,428,863 4,045,000 867,467,119 907,628,132 950,923,395"
213,298,A+B,(aggregate),Grant,True,,45643.0,420775203.0,118585481.0,16194090.0,14704747.0,169104146.0,1200000.0,740563667.0,774161829.0,817210940.0,"Grant 45,643 420,775,203 118,585,481 16,194,090 14,704,747 169,104,146 1,200,000 740,563,667 774,161,829 817,210,940"
213,306,A+B,(aggregate),THV,True,,,1144800.0,20719968.0,1205038.0,26617029.0,70971617.0,2845000.0,123503452.0,132166304.0,132662455.0,"THV - 1,144,800 20,719,968 1,205,038 26,617,029 70,971,617 2,845,000 123,503,452 132,166,304 132,662,455"
213,315,A+B,(aggregate),Huamarrja,True,,,,46900.0,,,3353100.0,,3400000.0,1300000.0,1050000.0,"Financimi nga Huamarrja - - 46,900 - - 3,353,100 - 3,400,000 1,300,000 1,050,000"
213,355,Bilanci,(aggregate),Total,True,,-27.0,159426.0,-31200.0,-2200.0,388.0,4099880.0,4045000.0,181295.0,304572.0,-288900.0,"Total (27) 159,426 (31,200) (2,200) 388 4,099,880 ( 4,045,000) 181,295 ( 304,572) (288,900)"
213,394,A+B+Bilanci,(aggregate),Total,True,,45616.0,422079429.0,139321150.0,17396928.0,41322164.0,247528743.0,,867648414.0,907323560.0,950634495.0,"Total 38 komuna 45,616 422,079,429 139,321,150 17,396,928 41,322,164 247,528,743 - 867,648,414 907,323,560 950,634,495"
