table,page,top,label,nums,raw
Komunat Tabela 1,210,26,Buxheti i,"[[""2026"", 366], [""2028"", 409]]",Buxheti i Komunave për vitin 2026 - 2028
Komunat Tabela 1,210,69,Përmbledhje e Buxhetit të Komunave për,"[[""2026"", 302], [""2028"", 339]]",Përmbledhje e Buxhetit të Komunave për vitin 2026 - 2028
Komunat Tabela 1,210,110,Nr. Përshkrimi,"[[""2024"", 273], [""2025"", 359], [""2026"", 444], [""2027"", 527], [""2028"", 615]]",Nr. Përshkrimi 2024 Aktuale 2025 Aktuale 2026 Buxheti 2027 Vlersimet 2028 Vlersimet
Komunat Tabela 1,210,138,1 BURIMET E FINANCIMIT,"[[""742,915,123"", 316], [""788,294,719"", 402], [""867,648,415"", 487], [""907,323,563"", 575], [""950,634,496"", 663]]","1 BURIMET E FINANCIMIT 742,915,123 788,294,719 867,648,415 907,323,563 950,634,496"
Komunat Tabela 1,210,151,1.1 Grantet Qeveritare,"[[""634,727,601"", 311], [""670,794,719"", 396], [""740,730,633"", 482], [""773,827,331"", 569], [""816,895,764"", 657]]","1.1 Grantet Qeveritare 634,727,601 670,794,719 740,730,633 773,827,331 816,895,764"
Komunat Tabela 1,210,164,1.2 Të Hyrat Vetanake,"[[""105,523,577"", 311], [""115,000,000"", 396], [""123,517,782"", 482], [""132,196,232"", 569], [""132,688,732"", 657]]","1.2 Të Hyrat Vetanake 105,523,577 115,000,000 123,517,782 132,196,232 132,688,732"
Komunat Tabela 1,210,178,1.3 Klauzola Investive,"[[""2,663,945"", 305], [""2,500,000"", 391], [""3,353,100"", 476]]","1.3 Klauzola Investive 2,663,945 2,500,000 3,353,100"
Komunat Tabela 1,210,191,1.4 Financimi nga Huamarrja,"[[""46,900"", 469], [""1,300,000"", 564], [""1,050,000"", 652]]","1.4 Financimi nga Huamarrja 46,900 1,300,000 1,050,000"
Komunat Tabela 1,210,206,2 STRUKTURA E SHPENZIMEVE,"[[""742,915,123"", 316], [""788,294,719"", 402], [""867,648,415"", 487], [""907,323,563"", 575], [""950,634,496"", 663]]","2 STRUKTURA E SHPENZIMEVE 742,915,123 788,294,719 867,648,415 907,323,563 950,634,496"
Komunat Tabela 1,210,219,2.1 Shpenzimet Rrjedhëse,"[[""523,827,653"", 311], [""552,780,926"", 396], [""619,946,356"", 482], [""632,597,585"", 569], [""646,662,601"", 657]]","2.1 Shpenzimet Rrjedhëse 523,827,653 552,780,926 619,946,356 632,597,585 646,662,601"
Komunat Tabela 1,210,232,2.1.1 Paga dhe Shtesa,"[[""358,744,377"", 311], [""370,265,229"", 396], [""421,920,002"", 482], [""423,990,384"", 569], [""426,187,763"", 657]]","2.1.1 Paga dhe Shtesa 358,744,377 370,265,229 421,920,002 423,990,384 426,187,763"
Komunat Tabela 1,210,246,2.1.2 Mallra dhe Shërbime,"[[""119,679,434"", 311], [""130,799,296"", 396], [""139,305,449"", 482], [""145,472,480"", 569], [""152,435,087"", 657]]","2.1.2 Mallra dhe Shërbime 119,679,434 130,799,296 139,305,449 145,472,480 152,435,087"
Komunat Tabela 1,210,259,2.1.3 Shpenzime Komunale,"[[""14,912,357"", 308], [""15,867,392"", 393], [""17,399,128"", 479], [""19,075,017"", 567], [""21,533,860"", 654]]","2.1.3 Shpenzime Komunale 14,912,357 15,867,392 17,399,128 19,075,017 21,533,860"
Komunat Tabela 1,210,273,2.1.4 Subvencione dhe Transfere,"[[""30,491,485"", 308], [""35,274,313"", 393], [""41,321,776"", 479], [""44,059,704"", 567], [""46,505,891"", 654]]","2.1.4 Subvencione dhe Transfere 30,491,485 35,274,313 41,321,776 44,059,704 46,505,891"
Komunat Tabela 1,210,286,2.2 Shpenzime Kapitale,"[[""216,019,118"", 311], [""225,905,005"", 396], [""240,075,764"", 482], [""269,925,549"", 569], [""299,405,793"", 657]]","2.2 Shpenzime Kapitale 216,019,118 225,905,005 240,075,764 269,925,549 299,405,793"
Komunat Tabela 1,210,300,2.3 Klauzola investive/Fin. nga Huamarrja,"[[""2,663,945"", 305], [""1,500,000"", 391], [""3,400,000"", 476], [""1,300,000"", 564], [""1,050,000"", 652]]","2.3 Klauzola investive/Fin. nga Huamarrja 2,663,945 1,500,000 3,400,000 1,300,000 1,050,000"
Komunat Tabela 1,210,313,2.4 Rezerva,"[[""404,408"", 301], [""574,695"", 386], [""4,045,000"", 476], [""3,805,000"", 564], [""3,805,002"", 652]]","2.4 Rezerva 404,408 574,695 4,045,000 3,805,000 3,805,002"
Komunat Tabela 1,210,327,3 BILANCI I BUXHETIT,"[[""8,108,785"", 391], [""181,295"", 472], [""-304,572"", 560], [""-288,900"", 648]]","3 BILANCI I BUXHETIT 8,108,785 181,295 -304,572 -288,900"
Komunat Tabela 1,210,763,BDMS,"[[""19"", 621], [""2026"", 675]]",BDMS 19 February 2026
