table,page,top,label,y2023,y2024,y2025,y2026,y2027,y2028,raw
1,29,143,1. GJITHSEJ TË HYRAT BUXHETORE [1],2854.1,3088.02,3305.7,3637.3,3871.6,4154.0,"1. GJITHSEJ TË HYRAT BUXHETORE [1] 2,854.1 3,088.02 3,305.7 3,637.3 3,871.6 4,154.0"
1,29,155,1.1 Të Hyra Tatimore,2505.9,2740.15,2926.4,3257.1,3477.3,3744.4,"1.1 Të Hyra Tatimore 2,505.9 2,740.15 2,926.4 3,257.1 3,477.3 3,744.4"
1,29,166,Tatimet Direkte,490.3,517.17,586.3,652.7,707.9,765.5,Tatimet Direkte 490.3 517.17 586.3 652.7 707.9 765.5
1,29,178,Tatimi në të ardhurat e korporatave,184.9,203.38,228.5,256.8,273.5,297.5,Tatimi në të ardhurat e korporatave 184.9 203.38 228.5 256.8 273.5 297.5
1,29,189,Tatimi në të ardhura personale,255.9,280.78,309.4,342.5,376.0,409.1,Tatimi në të ardhura personale 255.9 280.78 309.4 342.5 376.0 409.1
1,29,201,Tatimi në pronë,46.1,32.98,45.0,50.0,55.0,55.5,Tatimi në pronë 46.1 32.98 45.0 50.0 55.0 55.5
1,29,212,Të tjera,3.4,0.03,3.4,3.4,3.4,3.4,Të tjera 3.4 0.03 3.4 3.4 3.4 3.4
1,29,224,Tatimet Indirekte,2076.9,2297.11,2431.4,2707.38,2890.0,3117.3,"Tatimet Indirekte 2,076.9 2,297.11 2,431.4 2,707.38 2,890.0 3,117.3"
1,29,235,Tatimi mbi Vlerën e Shtuar(TVSH),1365.6,1504.92,1609.2,1785.5,1911.2,2048.7,"Tatimi mbi Vlerën e Shtuar(TVSH) 1,365.6 1,504.92 1,609.2 1,785.5 1,911.2 2,048.7"
1,29,247,Vendore:,407.9,466.6,534.3,612.9,668.6,748.0,Vendore: 407.9 466.60 534.3 612.9 668.6 748.0
1,29,258,Kufitare:,957.7,1038.33,1074.9,1172.5,1242.6,1300.6,"Kufitare: 957.7 1,038.33 1,074.9 1,172.5 1,242.6 1,300.6"
1,29,270,Detyrimi Doganor,156.2,172.07,183.6,208.1,235.6,267.0,Detyrimi Doganor 156.2 172.07 183.6 208.1 235.6 267.0
1,29,281,Akcizë,555.0,618.29,638.5,713.7,743.0,801.6,Akcizë 555.0 618.29 638.5 713.7 743.0 801.6
1,29,293,Të tjera,0.1,1.83,0.1,0.1,0.1,0.1,Të tjera 0.1 1.83 0.1 0.1 0.1 0.1
1,29,304,Rimbursimet tatimore,-61.3,-74.13,-91.3,-102.9,-120.5,-138.5,Rimbursimet tatimore -61.3 -74.13 -91.3 -102.9 -120.5 -138.5
1,29,316,1.2 Të Hyrat Jo-Tatimore,266.9,337.94,356.9,357.7,371.8,387.1,1.2 Të Hyrat Jo-Tatimore 266.9 337.94 356.9 357.7 371.8 387.1
1,29,327,"Taksat, ngarkesa dhe të tjera",210.6,264.03,260.9,265.9,271.0,276.3,"Taksat, ngarkesa dhe të tjera 210.6 264.03 260.9 265.9 271.0 276.3"
1,29,339,"Taksa, ngarkesa dhe të tjera - Niveli Qendror",148.1,197.79,190.9,192.4,193.8,195.3,"Taksa, ngarkesa dhe të tjera - Niveli Qendror 148.1 197.79 190.9 192.4 193.8 195.3"
1,29,350,"Taksa, ngarkesa dhe të tjera - Niveli Lokal",62.5,66.24,70.0,73.5,77.2,81.0,"Taksa, ngarkesa dhe të tjera - Niveli Lokal 62.5 66.24 70.0 73.5 77.2 81.0"
1,29,362,Taksa koncesionare,26.0,33.04,42.0,48.4,56.7,66.5,Taksa koncesionare 26.0 33.04 42.0 48.4 56.7 66.5
1,29,373,Renta Minerare,26.7,27.46,30.3,30.3,31.4,32.0,Renta Minerare 26.7 27.46 30.3 30.3 31.4 32.0
1,29,385,Te hyrat nga liberalizimi i tregut te telefonise mobile,0.0,0.0,0.0,0.0,0.0,0.0,Te hyrat nga liberalizimi i tregut te telefonise mobile 0.0 0.00 0.0 0.0 0.0 0.0
1,29,396,Te hyrat nga dividenda dhe ndarja e fitimit,0.0,10.38,10.0,10.0,10.0,10.0,Te hyrat nga dividenda dhe ndarja e fitimit 0.0 10.38 10.0 10.0 10.0 10.0
1,29,408,Të hyrat nga interesi,3.6,3.04,13.6,3.0,2.7,2.4,Të hyrat nga interesi 3.6 3.04 13.6 3.0 2.7 2.4
1,29,419,Të hyrat nga interesi (KEK-hua),3.6,0.0,2.5,2.3,2.1,1.9,Të hyrat nga interesi (KEK-hua) 3.6 0.00 2.5 2.3 2.1 1.9
1,29,431,Të hyrat nga interesi (NP-ve) tjera,0.0,3.04,1.1,0.7,0.6,0.5,Të hyrat nga interesi (NP-ve) tjera 0.0 3.04 1.1 0.7 0.6 0.5
1,29,442,Tw hyra nga interesi-tjera,,0.0,10.0,,,0.0,Tw hyra nga interesi-tjera 0.00 10.0 0.0
1,29,454,1.3 Grantet dhe ndihmat,81.3,9.93,22.5,22.5,22.5,22.5,1.3 Grantet dhe ndihmat 81.3 9.93 22.5 22.5 22.5 22.5
1,29,465,Grante për mbështetje buxhetore,67.5,,10.5,10.5,10.5,10.5,Grante për mbështetje buxhetore 67.5 10.5 10.5 10.5 10.5
1,29,477,prej tyre Grante nga BE për energjinë,67.5,0.0,0.0,0.0,0.0,,prej tyre Grante nga BE për energjinë 67.5 0.00 0.0 0.0 0.0
1,29,488,Grante e përcaktuara të donatorëve,13.8,9.93,12.0,12.0,12.0,12.0,Grante e përcaktuara të donatorëve 13.8 9.93 12.0 12.0 12.0 12.0
1,29,500,2. GITHSEJ SHPENZIMET BUXHETORE[1],2876.6,3123.9,3611.1,3967.6,4126.9,4296.6,"2. GITHSEJ SHPENZIMET BUXHETORE[1] 2,876.6 3,123.9 3,611.1 3,967.6 4,126.9 4,296.6"
1,29,512,2.1 Shpenzimet Rrjedhëse,2273.5,2413.97,2614.7,2893.9,2953.2,3110.2,"2.1 Shpenzimet Rrjedhëse 2,273.5 2,413.97 2,614.7 2,893.9 2,953.2 3,110.2"
1,29,523,Paga dhe shtesa,767.3,843.03,916.9,980.4,1013.3,1047.6,"Paga dhe shtesa 767.3 843.03 916.9 980.4 1,013.3 1,047.6"
1,29,535,Mallra dhe Shërbime,426.8,458.45,537.0,545.4,562.1,567.8,Mallra dhe Shërbime 426.8 458.45 537.0 545.4 562.1 567.8
1,29,546,Subvencione dhe Transfere,1079.4,1112.49,1156.7,1358.1,1373.0,1490.0,"Subvencione dhe Transfere 1,079.4 1,112.49 1,156.7 1,358.1 1,373.0 1,490.0"
1,29,558,Rezerva rrjedhëse,0.0,,4.1,10.0,4.8,4.8,Rezerva rrjedhëse 0.0 4.1 10.0 4.8 4.8
1,29,569,2.2 Interesi për Borxhin Publik,42.2,43.21,53.1,63.2,67.8,53.7,2.2 Interesi për Borxhin Publik 42.2 43.21 53.1 63.2 67.8 53.7
1,29,581,2.3 Shpenzimet Kapitale,560.9,647.01,931.3,998.4,1093.9,1120.7,"2.3 Shpenzimet Kapitale 560.9 647.01 931.3 998.4 1,093.9 1,120.7"
1,29,593,Financimi nga buxheti i rregullt,543.3,627.92,842.7,897.8,1093.9,1120.7,"Financimi nga buxheti i rregullt 543.3 627.92 842.7 897.8 1,093.9 1,120.7"
1,29,604,Klauzola e investimeve,17.5,19.09,88.6,100.7,0.0,0.0,Klauzola e investimeve 17.5 19.09 88.6 100.7 0.0 0.0
1,29,616,Fondet e likuidimit (AKP),0.0,,0.0,0.0,0.0,0.0,Fondet e likuidimit (AKP) 0.0 0.0 0.0 0.0 0.0
1,29,627,2.4 Grantet e Përcaktuara të Donatorve,11.9,19.72,12.0,12.0,12.0,12.0,2.4 Grantet e Përcaktuara të Donatorve 11.9 19.72 12.0 12.0 12.0 12.0
1,29,639,3. Bilanci buxhetor (1-2),-20.9,-35.91,-305.3,-330.3,-255.2,-142.6,3. Bilanci buxhetor (1-2) -20.9 -35.91 -305.3 -330.3 -255.2 -142.6
1,29,651,4. Shpenzimet e përjashtuara nga kufiri i rr. fiskale:,75.4,81.63,88.6,100.7,0.0,0.0,4. Shpenzimet e përjashtuara nga kufiri i rr. fiskale: 75.4 81.63 88.6 100.7 0.0 0.0
1,29,663,Shpenzimet nga pranimet e dedikuara,0.0,0.0,0.0,0.0,0.0,0.0,Shpenzimet nga pranimet e dedikuara 0.0 0.00 0.0 0.0 0.0 0.0
1,29,674,Shpenzimet nga të hyrat komunale të bartura,57.9,62.54,0.0,0.0,0.0,0.0,Shpenzimet nga të hyrat komunale të bartura 57.9 62.54 0.0 0.0 0.0 0.0
1,29,686,Fondet e likuidimit nga AKP-ja,0.0,0.0,0.0,0.0,0.0,0.0,Fondet e likuidimit nga AKP-ja 0.0 0.00 0.0 0.0 0.0 0.0
1,29,697,Shpenzimet e financuara nga klauzola e investimeve,17.5,19.09,88.6,100.7,0.0,0.0,Shpenzimet e financuara nga klauzola e investimeve 17.5 19.09 88.6 100.7 0.0 0.0
1,30,132,(3+4),54.5,45.72,-216.8,-229.6,-255.2,-142.6,(3+4) 54.5 45.72 -216.8 -229.6 -255.2 -142.6
1,30,144,A. Nevoja për financim,-20.9,-35.91,-305.3,-330.3,-255.2,-142.6,A. Nevoja për financim -20.9 -35.91 -305.3 -330.3 -255.2 -142.6
1,30,155,B. Financimi i jashtëm(neto),63.8,78.0,380.2,435.8,326.8,223.4,B. Financimi i jashtëm(neto) 63.8 78.0 380.2 435.8 326.8 223.4
1,30,167,C. Financimi i brendshëm(neto),-131.5,-3.4,-104.9,-23.8,21.5,15.6,C. Financimi i brendshëm(neto) -131.5 -3.4 -104.9 -23.8 21.5 15.6
1,30,178,D. Ndryshimi në bilancin e pashpërndarë bankar (A+B+C),-88.6,38.7,-30.1,81.8,93.1,96.4,D. Ndryshimi në bilancin e pashpërndarë bankar (A+B+C) -88.6 38.7 -30.1 81.8 93.1 96.4
1,30,190,E. Stoku i bilancit bankar (NETO),218.5,307.9,277.8,359.6,452.7,549.2,E. Stoku i bilancit bankar (NETO) 218.5 307.9 277.8 359.6 452.7 549.2
1,30,201,F. Fondet me Qëllime Specifike (gjendja në fundvit),166.9,116.0,116.0,116.0,116.0,116.0,F. Fondet me Qëllime Specifike (gjendja në fundvit) 166.9 116.0 116.0 116.0 116.0 116.0
1,30,213,G. Stoku i bilancit bankar në fundvit (BRUTO),385.4,423.89,393.8,475.6,568.8,665.2,G. Stoku i bilancit bankar në fundvit (BRUTO) 385.4 423.89 393.8 475.6 568.8 665.2
1,30,248,Te hyrat e arketuara nga ATK,852.1,950.8,1075.6,1215.6,1321.5,1458.1,"Te hyrat e arketuara nga ATK 852.1 950.8 1,075.6 1,215.6 1,321.5 1,458.1"
1,30,260,Te hyrat e arketuara nga Dogana e Kosoves,1672.9,1830.5,1897.1,2094.4,2221.4,2369.3,"Te hyrat e arketuara nga Dogana e Kosoves 1,672.9 1,830.5 1,897.1 2,094.4 2,221.4 2,369.3"
1,30,271,Rimbursimet tatimore,-61.3,-74.1,-91.3,-102.9,-120.5,-138.5,Rimbursimet tatimore -61.3 -74.1 -91.3 -102.9 -120.5 -138.5
1,30,283,Daljet nga Grantet e Percaktuara te Donatoreve,11.9,19.7,12.0,12.0,12.0,12.0,Daljet nga Grantet e Percaktuara te Donatoreve 11.9 19.7 12.0 12.0 12.0 12.0
1,30,294,BPV,9680.1,10350.4,11156.2,12012.8,12854.9,13861.8,"BPV 9,680.1 10,350.4 11,156.2 12,012.8 12,854.9 13,861.8"
